Player Name,Age,Team,ASR,Market Value,Nationality,Transfer History Count
Abdu Conté,27 anni,Young Boys,6.58,750K €,POR,5
Abduqodir Khusanov,21 anni,Manchester City,7.01,11.4M €,UZB,3
Abel Ruiz,25 anni,Girona FC,6.65,5.7M €,ESP,5
Achraf Hakimi,26 anni,Paris Saint-Germain,7.63,62M €,MAR,5
Adam Daghim,19 anni,Red Bull Salzburg,6.97,5.4M €,DEN,4
Adam Idah,24 anni,Celtic,6.89,5M €,IRL,4
Adamo Nagalo,22 anni,PSV Eindhoven,6.75,7.2M €,BUR,2
Ademola Lookman,27 anni,Atalanta,7.34,66M €,NGR,5
Adler da Silva,26 anni,ŠK Slovan Bratislava,-,145K €,SUI,5
Adrian Bajrami,23 anni,Benfica,7.04,1.6M €,ALB,2
Adrián Niño,20 anni,Atlético Madrid B,6.91,745K €,ESP,1
Afonso Moreira,20 anni,Sporting CP B,6.78,370K €,POR,4
Aidan Borland,18 anni,Aston Villa U21,7.03,Not found,SCO,Not found
Aitor Gismera,21 anni,Atlético Madrid B,6.77,265K €,ESP,1
Alaa Ghram,23 anni,Shakhtar Donetsk,6.45,1.6M €,TUN,2
Aladji Bamba,18 anni,AS Monaco U19,6.20,Not found,FRA,Not found
Alberto Costa,21 anni,Juventus,7.08,9.3M €,POR,3
Alberto Manzoni,19 anni,Atalanta U20,6.89,1.1M €,ITA,Not found
Aleix García,27 anni,Bayer 04 Leverkusen,7.16,21M €,ESP,5
Alejandro Balde,21 anni,Barcelona,6.93,66M €,ESP,2
Alejandro Francés,22 anni,Girona FC,6.82,2.3M €,ESP,2
Alejandro Iturbe,21 anni,Atlético Madrid B,7.00,1.9M €,ESP,1
Aleksandar Andreev,19 anni,Girona U19,-,Not found,BUL,1
Aleksandar Katai,34 anni,FK Crvena zvezda,7.55,830K €,SRB,5
Aleksandr Golovin,28 anni,AS Monaco,7.10,24M €,RUS,2
Alen Mustafić,25 anni,ŠK Slovan Bratislava,6.85,280K €,BIH,5
Alessandro Bastoni,26 anni,Inter,7.17,75M €,ITA,5
Alessandro Calligaris,20 anni,Inter U20,6.98,245K €,ITA,0
Alessandro Florenzi,34 anni,Milan,7.03,1.4M €,ITA,5
Alexandar Borković,25 anni,SK Sturm Graz,7.13,430K €,AUT,5
Alexander Bah,27 anni,Benfica,7.10,12.7M €,DEN,5
Alexander Meyer,34 anni,Borussia Dortmund,6.88,760K €,GER,5
Alexander Nübel,28 anni,VfB Stuttgart,6.82,10.9M €,GER,5
Alexandre Brito,19 anni,Sporting CP B,6.85,Not found,POR,1
Alexej Maroš,20 anni,ŠK Slovan Bratislava B U21,5.70,68K €,SVK,1
Alexis Mac Allister,26 anni,Liverpool,7.23,99M €,ARG,5
Alexis Olmedo,19 anni,Barcelona Atlètic,6.93,195K €,ESP,Not found
Alexsandro Ribeiro,25 anni,Lille,7.16,15.5M €,BRA,4
Alfonso Montero,18 anni,Juventus U19,6.71,"Punti deboli
Predisposizione all'errore",URU,Not found
Ali Al Musrati,20 anni,Al Ahli Tripoli,-,Not found,LBA,1
Alisson Becker,Error,Error,Error,Error,Error,Error
Alisson Santana,19 anni,Shakhtar Donetsk,6.75,9.7M €,BRA,2
Alistair Johnston,26 anni,Celtic,7.42,9.5M €,CAN,4
Almugera Kabar,19 anni,Borussia Dortmund,6.67,1M €,GER,2
Alphonso Davies,24 anni,FC Bayern München,7.23,49M €,CAN,3
Amadou Haïdara,27 anni,RB Leipzig,6.84,19.4M €,MLI,4
Amady Camara,19 anni,SK Sturm Graz,6.66,1.5M €,MLI,2
Amara Nallo,18 anni,Liverpool U21,5.75,870K €,ENG,Not found
Ameen Al-Dakhil,23 anni,VfB Stuttgart,6.75,7.7M €,BEL,5
Amine Adli,25 anni,Bayer 04 Leverkusen,6.88,19.9M €,MAR,2
Amine Et-Taibi,22 anni,Club NXT U23,6.82,390K €,MAR,1
Ander Astralaga,21 anni,Barcelona Atlètic,7.20,835K €,ESP,1
Andrea Belotti,31 anni,Benfica,6.82,1.9M €,ITA,5
Andrea Cambiaso,25 anni,Juventus,6.93,42M €,ITA,5
Andrea Natali,17 anni,Bayer Leverkusen U19,7.35,Not found,ITA,1
Andreas Christensen,29 anni,Barcelona,6.84,14.4M €,DEN,4
Andrei Coubiș,21 anni,Milan Futuro,6.80,105K €,ROU,Not found
Andrej Mikoláš,20 anni,ŠK Slovan Bratislava B U21,-,26K €,SVK,1
Andrej Đurić,21 anni,FK Crvena zvezda,6.83,515K €,MNE,5
Andri Baldursson,23 anni,Bologna,7.00,930K €,ISL,5
Andrija Maksimović,17 anni,FK Crvena zvezda,7.12,9.6M €,SRB,1
Andriy Lunin,26 anni,Real Madrid,7.19,18.8M €,UKR,5
André Gomes,31 anni,Lille,6.81,7.7M €,POR,4
Andrés Cuenca,17 anni,Barcelona Atlètic,6.72,185K €,ESP,1
Andrés García,22 anni,Aston Villa,6.90,7.6M €,ESP,3
Angel Gomes,24 anni,Lille,6.86,22M €,ENG,5
Anis Hadj Moussa,23 anni,Feyenoord,7.02,12.4M €,ALG,5
Anrie Chase,21 anni,VfB Stuttgart,6.77,3.8M €,JPN,1
Ansu Fati,22 anni,Barcelona,6.69,5.2M €,ESP,4
Antoine Griezmann,34 anni,Atlético Madrid,7.31,21M €,FRA,5
Anton Glushchenko,21 anni,Shakhtar Donetsk,6.63,190K €,UKR,2
Antoni Milambo,20 anni,Feyenoord,6.94,16.5M €,NED,3
Antonio Gomis,21 anni,Atlético Madrid B,7.03,165K €,ESP,1
Antonio Nusa,20 anni,RB Leipzig,6.96,27M €,NOR,3
António Silva,21 anni,Benfica,7.11,34M €,POR,1
Arbër Hoxha,26 anni,GNK Dinamo Zagreb,6.76,1.5M €,ALB,5
Arda Güler,20 anni,Real Madrid,7.22,43M €,TUR,2
Ardian Bajrami,21 anni,Young Boys,6.83,190K €,SUI,1
Ardon Jashari,22 anni,Club Brugge KV,7.13,24M €,SUI,2
Arijan Ademi,33 anni,GNK Dinamo Zagreb,6.93,485K €,MKD,5
Arjan Malić,19 anni,SK Sturm Graz,6.67,830K €,BIH,2
Arkadiusz Milik,31 anni,Juventus,6.87,2.1M €,POL,5
Armando Obispo,26 anni,PSV Eindhoven,6.77,3.3M €,NED,3
Arnau Martínez,22 anni,Girona FC,6.93,10.8M €,ESP,3
Arnau Tenas,23 anni,Paris Saint-Germain,7.30,4.4M €,ESP,2
Arnaut Danjuma,28 anni,Girona FC,6.88,4.7M €,NED,5
Arne Engels,21 anni,Celtic,7.30,12.4M €,BEL,2
Artem Bondarenko,24 anni,Shakhtar Donetsk,7.18,10.8M €,UKR,3
Artero,22 anni,Girona B,6.62,210K €,ESP,1
Arthur,Not found,2º set • 35m,Not found,Not found,Not found,Not found
Arthur Cabral,27 anni,Benfica,6.74,12.4M €,BRA,5
Arthur Melo,8 anni,PFC EF U8,Not found,Not found,BRA,Not found
Atakan Karazor,28 anni,VfB Stuttgart,7.10,13.1M €,TUR,3
Axel Disasi,27 anni,Aston Villa,6.91,26M €,FRA,5
Axl De Corte,19 anni,Club NXT U23,6.72,385K €,BEL,Not found
Ayman Azhil,24 anni,Borussia Dortmund II U23,6.75,630K €,MAR,3
Ayyoub Bouaddi,17 anni,Lille,6.73,33M €,FRA,Not found
Azpilicueta,35 anni,Atlético Madrid,6.87,1.7M €,ESP,5
Aïssa Mandi,33 anni,Lille,6.84,1.6M €,ALG,4
Bafodé Diakité,24 anni,Lille,6.98,23M €,FRA,2
Bart Nieuwkoop,29 anni,Feyenoord,6.76,2.7M €,NED,5
Bartol Franjić,25 anni,GNK Dinamo Zagreb,7.05,1.9M €,CRO,5
Belmin Beganović,20 anni,Sturm Graz II,7.13,455K €,AUT,3
Ben Broggio,18 anni,Aston Villa U21,7.03,Not found,ENG,Not found
Ben Hawighorst,17 anni,Bayer Leverkusen U19,6.20,Not found,GER,Not found
Benjamin André,34 anni,Lille,7.11,6.2M €,FRA,3
Benjamin Boakye,20 anni,VfB Stuttgart II U21,6.73,430K €,GER,1
Benjamin Henrichs,28 anni,RB Leipzig,6.82,18.4M €,GER,5
Benjamín Domínguez,21 anni,Bologna,6.83,15.6M €,ARG,3
Berat Djimsiti,32 anni,Atalanta,7.08,8.7M €,ALB,5
Bernardo Silva,30 anni,Manchester City,7.10,43M €,POR,5
Biel,24 anni,Sporting,6.89,4.9M €,BRA,5
Bjorn Meijer,22 anni,Club Brugge KV,6.91,4.7M €,NED,2
Bobby Clark,20 anni,Red Bull Salzburg,6.85,8.8M €,ENG,1
Bojan Miovski,25 anni,Girona FC,6.78,2.9M €,MKD,5
Borja Garcés,25 anni,Atlético Madrid B,6.58,535K €,ESP,10
Boubacar Kamara,25 anni,Aston Villa,6.85,37M €,FRA,3
Bradel Kiwa,19 anni,AS Monaco,5.80,Not found,FRA,Not found
Bradley Barcola,22 anni,Paris Saint-Germain,7.23,68M €,FRA,3
Bradley Burrowes,17 anni,Aston Villa U18,6.81,Not found,ENG,Not found
Bradley Locko,23 anni,Stade Brestois,6.40,9.3M €,FRA,4
Brahim Díaz,25 anni,Real Madrid,6.91,47M €,MAR,5
Brandon Mechele,32 anni,Club Brugge KV,7.24,3.3M €,BEL,3
Brayden Clarke,17 anni,Arsenal U18,-,Not found,WAL,Not found
Breel Embolo,28 anni,AS Monaco,6.85,10.9M €,SUI,5
Bremer,28 anni,Juventus,7.53,47M €,BRA,3
Brendan Chardonnet,30 anni,Stade Brestois,7.05,6.2M €,FRA,3
Bruma,30 anni,Benfica,7.25,8.6M €,POR,5
Bruno Duarte,29 anni,FK Crvena zvezda,7.18,3.8M €,BRA,5
Bryan Gil,24 anni,Girona FC,6.99,15.5M €,ESP,5
Bryan Okoh,22 anni,FC Liefering,7.12,620K €,SUI,5
Caio Henrique,27 anni,AS Monaco,7.04,14.3M €,BRA,5
Callum McGregor,31 anni,Celtic,7.28,6M €,SCO,3
Cameron Carter-Vickers,27 anni,Celtic,7.28,15M €,USA,5
Caoimhín Kelleher,26 anni,Liverpool,7.04,19.8M €,IRL,1
Carlos Augusto,26 anni,Inter,6.94,21M €,BRA,5
Carlos Giménez,22 anni,Atlético Madrid B,6.62,270K €,ESP,4
Carney Chukwuemeka,21 anni,Borussia Dortmund,6.89,13.6M €,ENG,4
Casper Nielsen,31 anni,Club Brugge KV,6.78,2.7M €,DEN,4
Castello Lukeba,22 anni,RB Leipzig,6.93,49M €,FRA,3
Cedric Itten,28 anni,Young Boys,6.90,1.8M €,SUI,5
Charalampos Lykogiannis,31 anni,Bologna,7.07,1.5M €,GRE,5
Charles De Ketelaere,24 anni,Atalanta,7.24,35M €,BEL,5
Chema Andrés,20 anni,Real Madrid Castilla,6.92,485K €,ESP,1
Cherif Ndiaye,29 anni,FK Crvena zvezda,7.23,4.3M €,SEN,5
Chris Bedia,N29 anni,Young Boys,6.81,2.6M €,CIV,14
Chris Führich,27 anni,VfB Stuttgart,7.00,17.5M €,GER,5
Chris-Kévin Nadje,23 anni,Feyenoord,6.59,1.5M €,CIV,3
Christian Fassnacht,31 anni,Young Boys,7.16,2.1M €,SUI,9
Christian Mawissa,20 anni,AS Monaco,6.53,11M €,FRA,1
Christian McFarlane,18 anni,Manchester City U21,6.40,1.9M €,ENG,2
Christoph Baumgartner,25 anni,RB Leipzig,6.83,15.6M €,AUT,3
Christopher Olivier,19 anni,VfB Stuttgart II U21,6.73,460K €,AUT,1
Christos Alexiou,19 anni,Inter U20,6.97,385K €,GRE,0
Chuba Akpom,29 anni,Lille,6.93,7.7M €,ENG,5
Claudio Echeverri,19 anni,Manchester City,7.00,17.2M €,ARG,5
Clément Lenglet,29 anni,Atlético Madrid,7.02,7.8M €,FRA,5
Cody Gakpo,26 anni,Liverpool,7.26,67M €,NED,2
Colby Donovan,18 anni,Celtic B U21,7.30,Not found,SCO,Not found
Cole Campbell,19 anni,Borussia Dortmund,7.10,1.4M €,USA,1
Conor Bradley,21 anni,Liverpool,6.83,27M €,NIR,2
Conor Gallagher,25 anni,Atlético Madrid,6.88,39M €,ENG,5
Conrad Harder,20 anni,Sporting,6.98,26M €,DEN,2
Couhaib Driouech,23 anni,PSV Eindhoven,6.93,4.7M €,MAR,3
Curtis Jones,24 anni,Liverpool,6.95,48M €,ENG,1
César Blackman,27 anni,ŠK Slovan Bratislava,6.87,2.6M €,PAN,2
Daizen Maeda,27 anni,Celtic,7.12,10.7M €,JPN,11
Daley Blind,35 anni,Girona FC,7.03,2.1M €,NED,5
Dan Ndoye,24 anni,Bologna,7.13,24M €,SUI,5
Dane Murray,21 anni,Celtic B U21,6.93,145K €,SCO,3
Dani Carvajal,33 anni,Real Madrid,7.27,9.7M €,ESP,3
Dani Ceballos,28 anni,Real Madrid,7.06,10.5M €,ESP,5
Dani Olmo,27 anni,Barcelona,7.22,58M €,ESP,4
Dani Rodríguez,19 anni,Barcelona Atlètic,7.07,105K €,ESP,1
Daniel Bragança,25 anni,Sporting,7.06,10.9M €,POR,3
Daniel Cummings,19 anni,Celtic B U21,6.15,Not found,SCO,Not found
Daniel Maldini,23 anni,Atalanta,6.73,10.6M €,ITA,5
Daniel Yáñez,18 anni,Real Madrid Castilla,6.94,160K €,ESP,Not found
Daniil Khudyakov,21 anni,SK Sturm Graz,6.80,970K €,RUS,3
Danylo Ignatenko,28 anni,ŠK Slovan Bratislava,6.86,1.5M €,UKR,5
Daouda Guindo,22 anni,Red Bull Salzburg,6.91,3.1M €,MLI,5
Darian Maleš,24 anni,Young Boys,6.91,2.6M €,SUI,5
Dario Marzino,28 anni,Young Boys,6.50,24K €,SUI,3
Darwin Núñez,25 anni,Liverpool,6.77,45M €,URU,4
David Alaba,32 anni,Real Madrid,6.62,9M €,AUT,5
David Jiménez,21 anni,Real Madrid,7.21,315K €,ESP,2
David Lelle,22 anni,Borussia Dortmund II U23,6.84,185K €,GER,3
David López,35 anni,Girona FC,6.85,1.8M €,ESP,5
David Murar,21 anni,ŠK Slovan Bratislava B U21,-,46K €,SVK,1
David Raya,29 anni,Arsenal,7.03,43M €,ESP,5
David Đurić,19 anni,FK Crvena zvezda U19,6.85,155K €,SRB,Not found
Davide Bartesaghi,19 anni,Milan Futuro,7.40,1.1M €,ITA,Not found
Davide Calabria,28 anni,Bologna,Not found,8.1M €,ITA,3
Davide Frattesi,25 anni,Inter,6.76,29M €,ITA,5
Dawda Camara,22 anni,Girona B,6.50,Not found,MTN,1
Dedryck Boyata,34 anni,Senza squadra,6.62,Not found,BEL,4
Denilson Santos,18 anni,Sporting CP B,6.75,Not found,POR,1
Denzel Dumfries,29 anni,Inter,7.12,29M €,NED,5
Diego Aguado,18 anni,Real Madrid U19,7.19,1.1M €,ESP,Not found
Diego Arroyo,20 anni,Shakhtar Donetsk,6.93,515K €,BOL,3
Diego Callai,20 anni,Sporting CP B,-,1.1M €,BRA,4
Diego Kochen,19 anni,Barcelona Atlètic,7.11,455K €,USA,1
Dimitri Lavalée,28 anni,SK Sturm Graz,6.94,4.1M €,BEL,5
Diogo Jota,28 anni,Liverpool,6.75,44M €,POR,5
Diogo Pinto,20 anni,Sporting,-,515K €,POR,1
Diogo Prioste,21 anni,Benfica B,7.07,1.6M €,POR,1
Divin Mubama,20 anni,Manchester City U21,6.85,3.7M €,ENG,1
Djomar Giersthove,20 anni,Feyenoord U21,6.35,Not found,NED,Not found
Dmytro Kryskiv,24 anni,Shakhtar Donetsk,6.83,6.7M €,UKR,3
Donyell Malen,26 anni,Aston Villa,6.76,27M €,NED,4
Dorgeles Nene,22 anni,Red Bull Salzburg,7.23,8.4M €,MLI,5
Douglas Luiz,27 anni,Juventus,6.82,41M €,BRA,5
Dávid Hancko,27 anni,Feyenoord,7.13,33M €,SVK,5
Désiré Doué,19 anni,Paris Saint-Germain,7.33,62M €,FRA,2
Ebenezer Annan,22 anni,FK Crvena zvezda,7.14,1.2M €,GHA,5
Ebrima Colley,25 anni,Young Boys,6.85,1.9M €,GAM,5
Edan Diop,20 anni,AS Monaco,6.53,1.4M €,FRA,2
Eder Militão,27 anni,Real Madrid,7.17,42M €,BRA,3
Ederson,31 anni,Manchester City,6.98,23M €,BRA,4
Edimilson Fernandes,29 anni,Stade Brestois,6.65,3.8M €,SUI,5
Edmund Baidoo,19 anni,Red Bull Salzburg,7.02,2.9M €,GHA,2
Eduardo Camavinga,22 anni,Real Madrid,7.08,67M €,FRA,3
Eduardo Felicíssimo,18 anni,Sporting,6.76,970K €,POR,1
Eduardo Quaresma,23 anni,Sporting,6.98,14.9M €,POR,5
Eguinaldo,20 anni,Shakhtar Donetsk,6.87,2.9M €,BRA,2
El Chadaïlle Bitshiabu,20 anni,RB Leipzig,6.92,11.6M €,FRA,2
Elias Benkara,18 anni,Borussia Dortmund U19,6.70,Not found,GER,Not found
Elias Cobbaut,27 anni,AC Sparta Praha,6.71,2.6M €,BEL,5
Eliesse Ben Seghir,20 anni,AS Monaco,7.03,31M €,MAR,1
Eliot Bujupi,18 anni,VfB Stuttgart II U21,6.90,485K €,KOS,1
Emanuel Aiwu,24 anni,SK Sturm Graz,6.80,2.9M €,AUT,5
Emerson Royal,26 anni,Milan,6.96,10.8M €,BRA,5
Emil Holm,25 anni,Bologna,7.09,7.2M €,SWE,5
Emiliano Buendia,28 anni,Bayer 04 Leverkusen,6.82,16.5M €,ARG,5
Emiliano Martínez,32 anni,Aston Villa,7.14,24M €,ARG,5
Emir Karic,27 anni,SK Sturm Graz,6.65,720K €,AUT,4
Emre Can,31 anni,Borussia Dortmund,6.95,7.5M €,GER,5
Endrick,18 anni,Real Madrid,6.79,42M €,BRA,2
Enric García,Not found,Abra Weavers,Not found,Not found,Not found,Not found
Enzo Millot,22 anni,VfB Stuttgart,6.93,32M €,FRA,2
Eric Dier,31 anni,FC Bayern München,7.06,7.2M €,ENG,4
Eric García,24 anni,Barcelona,6.84,14.6M €,ESP,4
Erling Haaland,24 anni,Manchester City,7.24,218M €,NOR,5
Ermal Krasniqi,26 anni,AC Sparta Praha,6.84,1.9M €,KOS,5
Ermedin Demirović,27 anni,VfB Stuttgart,6.90,20M €,BIH,5
Esmir Bajraktarević,20 anni,PSV Eindhoven,6.96,3.6M €,BIH,2
Estanis Pedrola,21 anni,Bologna,6.81,1.7M €,ESP,5
Ethan Mbappé,18 anni,Lille,6.72,4.9M €,FRA,1
Ethan Nwaneri,18 anni,Arsenal,6.99,53M €,ENG,1
Ezri Konsa,27 anni,Aston Villa,6.94,37M €,ENG,3
Fabian Bredlow,30 anni,VfB Stuttgart,6.70,1M €,GER,5
Fabián Ruiz,29 anni,Paris Saint-Germain,7.24,34M €,ESP,5
Facinet Conté,20 anni,Young Boys,6.86,765K €,GUI,2
Facu González,21 anni,Feyenoord,6.59,4.1M €,URU,5
Fallou Faye,19 anni,NK Kustošija,-,Not found,SEN,Not found
Fally Mayulu,22 anni,SK Sturm Graz,6.67,2.9M €,FRA,5
Farid Alfa-Ruprecht,19 anni,Manchester City U21,7.20,Not found,GER,Not found
Federico Cassa,19 anni,Atalanta U23,7.70,775K €,ITA,Not found
Federico Chiesa,27 anni,Liverpool,6.75,16.5M €,ITA,5
Federico Dimarco,27 anni,Inter,7.24,58M €,ITA,5
Federico Gatti,26 anni,Juventus,6.99,24M €,ITA,5
Felix Nmecha,24 anni,Borussia Dortmund,7.04,27M €,GER,2
Ferland Mendy,29 anni,Real Madrid,6.75,19.1M €,FRA,5
Fermín,22 anni,Barcelona,6.95,52M €,ESP,3
Fernando Dickes,17 anni,RB Leipzig U19,6.20,Not found,GER,Not found
Ferran Torres,25 anni,Barcelona,7.09,30M €,ESP,5
Ferrán,25 anni,Barcelona,7.09,30M €,ESP,5
Ferrán Jutglà,26 anni,Club Brugge KV,7.06,8M €,ESP,5
Filippo Mané,20 anni,Borussia Dortmund,6.78,580K €,ITA,2
Finn Jeltsch,18 anni,VfB Stuttgart,6.86,10.9M €,GER,2
Florentino,25 anni,Benfica,7.09,21M €,POR,5
Folarin Balogun,23 anni,AS Monaco,6.74,18.2M €,USA,5
Fran,Not found,World Championship Qual. UEFA,Not found,Not found,Not found,Not found
Fran García,25 anni,Real Madrid,6.95,13.8M €,ESP,5
Francesco Acerbi,37 anni,Inter,7.10,2.9M €,ITA,5
Francesco Camarda,17 anni,Milan,6.82,10.3M €,ITA,Not found
Francisco Conceição,22 anni,Juventus,6.98,34M €,POR,5
Francisco Silva,Not found,FINE 2 - 0,Not found,Not found,Not found,Not found
Franco Israel,25 anni,Sporting,6.96,5.8M €,URU,2
Fredrik Aursnes,29 anni,Benfica,7.07,18.7M €,NOR,4
Frenkie de Jong,28 anni,Barcelona,6.98,42M €,NED,5
Gabriel Gudmundsson,26 anni,Lille,6.79,9.3M €,SWE,3
Gabriel Jesus,28 anni,Arsenal,6.98,41M €,BRA,3
Gabriel Magalhães,27 anni,Arsenal,7.19,70M €,BRA,5
Gabriel Martinelli,23 anni,Arsenal,6.98,51M €,BRA,2
Gabriel Misehouy,19 anni,Girona FC,6.73,970K €,NED,2
Gaoussou Diakité,19 anni,FC Liefering,7.34,825K €,MLI,4
Gavi,20 anni,Barcelona,6.89,72M €,ESP,2
Geny Catamo,24 anni,Sporting,7.07,16.1M €,MOZ,5
George Ilenikhena,18 anni,AS Monaco,6.72,13.8M €,NGR,3
Geovany Quenda,18 anni,Sporting,7.10,49M €,POR,2
Gerard Martín,23 anni,Barcelona,6.87,6.8M €,ESP,2
Giacomo De Pieri,18 anni,Inter U20,7.53,1.4M €,ITA,Not found
Gianluigi Donnarumma,26 anni,Paris Saint-Germain,7.02,36M €,ITA,2
Giovanni Daffara,20 anni,Juventus Next Gen U23,6.95,415K €,ITA,1
Giovanni Fabbian,22 anni,Bologna,6.85,12.1M €,ITA,4
Gonzalo García,21 anni,Real Madrid Castilla,7.50,5.2M €,ESP,1
Gonçalo Inácio,23 anni,Sporting,7.22,47M €,POR,1
Gonçalo Oliveira,Not found,2.10    =    48%,Not found,Not found,Not found,Not found
Gonçalo Ramos,23 anni,Paris Saint-Germain,7.05,42M €,POR,5
Gregor Kobel,27 anni,Borussia Dortmund,6.91,41M €,SUI,5
Grégoire Coudert,26 anni,Stade Brestois,6.54,360K €,FRA,3
Guille Fernández,Not found,FINE 0 - 2,Not found,Not found,Not found,Not found
Guram Kashia,37 anni,ŠK Slovan Bratislava,6.87,220K €,GEO,5
Gustaf Nilsson,27 anni,Club Brugge KV,6.98,6.6M €,SWE,5
Gustavo Marques,23 anni,Benfica B,7.11,1.4M €,BRA,5
Guélor Kanga,34 anni,FK Crvena zvezda,7.51,660K €,GAB,5
Hakan Çalhanoğlu,31 anni,Inter,7.34,36M €,TUR,5
Hamidou Makalou,18 anni,Stade Brestois,6.48,220K €,MLI,1
Harry Kane,31 anni,FC Bayern München,7.69,98M €,ENG,5
Harvey Davies,21 anni,Liverpool,7.23,470K €,ENG,2
Harvey Elliott,22 anni,Liverpool,6.93,36M €,ENG,2
Hendry Blank,20 anni,Red Bull Salzburg,7.15,3.8M €,GER,2
Henrikh Mkhitaryan,36 anni,Inter,7.06,3.8M €,ARM,5
Henrique Arreiol,19 anni,Sporting CP B,6.77,1.1M €,POR,1
Hidemasa Morita,30 anni,Sporting,6.92,13.8M €,JPN,5
Hiroki Itō,26 anni,FC Bayern München,7.12,33M €,JPN,5
Hugo Bueno,22 anni,Feyenoord,Not found,8.7M €,ESP,3
Hugo Félix,21 anni,Benfica B,7.33,1.9M €,POR,3
Hugo Magnetti,26 anni,Stade Brestois,6.67,6.4M €,FRA,4
Hugo de Llanos,20 anni,Real Madrid Castilla,6.71,185K €,ESP,1
Hákon Haraldsson,22 anni,Lille,7.12,15.5M €,ISL,3
Héctor Fort,18 anni,Barcelona,6.74,9.7M €,ESP,2
Ian Maatsen,Not found23 anni,Aston Villa,6.93,26M €,NED,9
Ibrahim Kanté,18 anni,Stade Brestois U19,5.60,Not found,FRA,Not found
Ibrahim M'Baye,25 anni,Al-Riyadh,6.84,590K €,IRQ,5
Ibrahima Konaté,25 anni,Liverpool,7.11,62M €,FRA,3
Idjessi Metsoko,23 anni,ŠK Slovan Bratislava,6.68,580K €,TOG,4
Igor Paixão,24 anni,Feyenoord,7.50,23M €,BRA,3
Ilias Kostis,22 anni,Atlético Madrid B,7.05,450K €,GRE,0
Imanol García,24 anni,AC Sparta Praha,6.55,875K €,ESP,5
In-beom Hwang,28 anni,Feyenoord,7.29,10.9M €,KOR,5
Irakli Azarovi,23 anni,Shakhtar Donetsk,7.07,4.3M €,GEO,5
Isaac Babadi,20 anni,PSV Eindhoven,7.24,3.8M €,NED,2
Isaac Cossier,18 anni,LOSC Lille 2,6.30,Not found,FRA,Not found
Isaac Mabaya,20 anni,Liverpool U21,6.40,Not found,ZIM,Not found
Isak Hien,26 anni,Atalanta,6.89,29M €,SWE,5
Ismail Ka,Not found,Egyptian Second Division A,Not found,Not found,Not found,Not found
Ismaily,35 anni,Lille,6.99,1.5M €,BRA,8
Ismeal Kabia,19 anni,Arsenal U21,7.10,Not found,NED,Not found
Ivan Guteša,23 anni,FK Crvena zvezda,7.11,1.1M €,SRB,5
Ivan Nevistić,26 anni,GNK Dinamo Zagreb,6.76,1.6M €,CRO,5
Iván Fresneda,20 anni,Sporting,6.81,8.3M €,ESP,3
Iván Martín,26 anni,Girona FC,6.78,9.1M €,ESP,5
Iñaki Peña,26 anni,Barcelona,6.90,9.1M €,ESP,4
Iñigo Martínez,34 anni,Barcelona,7.16,5.2M €,ESP,4
Jack Grealish,29 anni,Manchester City,7.21,36M €,ENG,4
Jack Henry-Francis,21 anni,Arsenal U21,6.16,170K €,IRL,1
Jacob Bruun Larsen,26 anni,VfB Stuttgart,6.74,6.5M €,DEN,5
Jacob Hödl,18 anni,Sturm Graz II,6.73,430K €,AUT,1
Jacobo Ramón,20 anni,Real Madrid Castilla,7.23,530K €,ESP,1
Jacques Bomo,19 anni,Young Boys U21,6.90,110K €,SUI,Not found
Jakub Kiwior,25 anni,Arsenal,6.85,23M €,POL,5
Jakub Moder,26 anni,Feyenoord,7.00,10.9M €,POL,5
Jamal Musiala,22 anni,FC Bayern München,7.54,136M €,GER,1
James Forrest,33 anni,Celtic,6.96,540K €,SCO,1
James McAtee,22 anni,Manchester City,7.07,16.2M €,ENG,4
James McConnell,20 anni,Liverpool U21,6.78,2.1M €,ENG,1
Jamie Gittens,20 anni,Borussia Dortmund,7.03,49M €,ENG,1
Jamie Leweling,24 anni,VfB Stuttgart,6.93,18.4M €,GER,5
Jan Kuchta,28 anni,AC Sparta Praha,6.90,4.1M €,CZE,5
Jan Oblak,32 anni,Atlético Madrid,7.03,27M €,SLO,5
Jan Oliveras,20 anni,GNK Dinamo Zagreb,7.09,93K €,ESP,2
Janis Blaswich,34 anni,Red Bull Salzburg,6.67,930K €,GER,5
Janis Lüthi,20 anni,Young Boys U21,6.90,205K €,SUI,Not found
Jaouen Hadjam,22 anni,Young Boys,6.94,6.6M €,ALG,3
Jarzinho Malanga,18 anni,VfB Stuttgart II U21,6.67,1.3M €,GER,1
Jashar Dema,19 anni,Young Boys U21,6.67,105K €,KOS,Not found
Jastin García,21 anni,Girona B,6.55,Not found,POR,1
Javi Galán,30 anni,Atlético Madrid,6.88,3.9M €,ESP,5
Javier Serrano,22 anni,Atlético Madrid B,6.81,735K €,ESP,5
Javison Idele,18 anni,Atalanta,6.64,195K €,ITA,Not found
Jeanuël Belocian,20 anni,Bayer 04 Leverkusen,6.75,16.2M €,FRA,2
Jens Odgaard,26 anni,Bologna,6.84,11.4M €,DEN,5
Jeremie Frimpong,24 anni,Bayer 04 Leverkusen,6.86,52M €,NED,2
Jesús Vallejo,28 anni,Real Madrid,6.60,1M €,ESP,5
Jeyland Mitchell,20 anni,Feyenoord,6.43,2.4M €,CRC,5
Jhon Lucumí,26 anni,Bologna,6.98,18.5M €,COL,3
Jimi Gower,20 anni,Arsenal U21,6.70,Not found,ENG,Not found
Joaquín Correa,30 anni,Inter,6.95,2.8M €,ARG,5
Joe Gomez,27 anni,Liverpool,6.82,24M €,ENG,2
Joeri Heerkens,19 anni,Sparta Praha B U21,7.10,245K €,NED,2
Johan Bakayoko,22 anni,PSV Eindhoven,7.09,33M €,BEL,2
John McGinn,30 anni,Aston Villa,6.96,17.4M €,SCO,3
John Mellberg,18 anni,Red Bull Salzburg,7.11,1.4M €,SWE,3
Johnny Kenny,21 anni,Celtic,7.05,230K €,IRL,5
Jon Gorenc Stanković,29 anni,SK Sturm Graz,7.07,3.7M €,SLO,4
Jonah Kusi-Asare,17 anni,Bayern München II,Not found,2.7M €,SWE,2
Jonas Hofmann,32 anni,Bayer 04 Leverkusen,6.93,3.1M €,GER,5
Jonas Martin,Not found,Jonas M.,Not found,Not found,Not found,Not found
Jonathan Asp-Jensen,19 anni,Bayern München II,7.27,1.5M €,DEN,1
Jonathan David,25 anni,Lille,7.20,43M €,CAN,3
Jonathan Norbye,18 anni,RB Leipzig U19,6.50,Not found,NOR,2
Jordan Amavi,31 anni,Stade Brestois,6.78,2.2M €,FRA,5
Jordan Lotomba,26 anni,Feyenoord,6.85,8.2M €,SUI,4
Jordi Danso,18 anni,Girona U19,7.70,Not found,GAM,Not found
Jorginho,33 anni,Arsenal,6.79,8.7M €,ITA,5
Josep Martínez,26 anni,Inter,7.47,12.6M €,ESP,5
Josh Nichols,18 anni,Arsenal U21,6.97,Not found,ENG,Not found
Joshua Kimmich,30 anni,FC Bayern München,7.89,54M €,GER,3
Josip Mišić,30 anni,GNK Dinamo Zagreb,7.08,2.2M €,CRO,5
José Giménez,Not found,Not found,Not found,19.2M €,URU,Not found
José Silva,Error,Error,Error,Error,Error,Error
Jota,Not found,Not found,Not found,Not found,Not found,Not found
João Fonseca,Not found,Not found,Not found,Not found,Not found,Not found
João Félix,25 anni,Milan,Not found,24M €,POR,5
João Neves,Error,Error,Error,Error,Error,Error
João Palhinha,Error,Error,Error,Error,Error,Error
João Rêgo,19 anni,Benfica,7.01,3.1M €,POR,2
João Simões,18 anni,Sporting,6.76,6.4M €,POR,2
João Veloso,19 anni,Benfica B,6.74,485K €,POR,1
Joël Drommel,28 anni,PSV Eindhoven,7.29,1.8M €,NED,3
Joël Monteiro,25 anni,Young Boys,6.88,6.8M €,SUI,4
Joško Gvardiol,23 anni,Manchester City,7.27,69M €,CRO,3
Juan Arango,18 anni,Girona U19,7.00,Not found,VEN,1
Juan Cabal,24 anni,Juventus,6.78,9.3M €,COL,4
Juan Carlos,Not found,Formato del risultato,Not found,Not found,Not found,Not found
Juan Cuadrado,36 anni,Atalanta,7.08,950K €,COL,5
Juan Córdoba,21 anni,GNK Dinamo Zagreb,6.75,1.4M €,COL,3
Juan Miranda,25 anni,Bologna,7.15,11.5M €,ESP,5
Juan Musso,31 anni,Atlético Madrid,7.25,4.3M €,ARG,5
Juanpe,34 anni,Girona FC,Not found,930K €,ESP,5
Jude Bellingham,21 anni,Real Madrid,7.49,170M €,ENG,3
Jude Bonnar,19 anni,Celtic B U21,6.45,Not found,SCO,1
Jules Koundé,26 anni,Barcelona,7.14,64M €,FRA,4
Julian Brandt,29 anni,Borussia Dortmund,7.13,26M €,GER,2
Julien Duranville,Not found,Borussia Dortmund,Not found,9.2M €,BEL,2
Julien Le Cardinal,27 anni,Stade Brestois,7.06,1.5M €,FRA,5
Julián Alvarez,25 anni,Atlético Madrid,7.28,87M €,ARG,5
Julián Carranza,24 anni,Feyenoord,6.78,5.8M €,ARG,5
Juraj Kucka,38 anni,ŠK Slovan Bratislava,6.93,365K €,SVK,4
Jurij Medveděv,28 anni,ŠK Slovan Bratislava,6.81,350K €,CZE,5
Justin Bijlow,27 anni,Feyenoord,7.20,5.2M €,NED,1
Justin Bourgault,19 anni,Stade Brestois,6.79,325K €,FRA,3
Justin Diehl,20 anni,VfB Stuttgart II U21,6.58,3.3M €,GER,2
Jérémy Doku,22 anni,Manchester City,7.35,51M €,BEL,4
Kaan Kairinen,26 anni,AC Sparta Praha,6.92,6.4M €,FIN,5
Kaden Braithwaite,17 anni,Manchester City U18,7.08,Not found,ENG,Not found
Kai Havertz,25 anni,Arsenal,7.13,68M €,GER,3
Kamory Doumbia,22 anni,Stade Brestois,6.83,5.4M €,MLI,4
Kang-in Lee,24 anni,Paris Saint-Germain,7.34,32M €,KOR,4
Karim Adeyemi,23 anni,Borussia Dortmund,7.18,41M €,GER,4
Karim Konaté,21 anni,Red Bull Salzburg,7.12,16.4M €,CIV,4
Kastriot Imeri,24 anni,Young Boys,6.73,2.6M €,SUI,2
Kaua Wellhington Oliveira Pinto,21 anni,Sporting CP B,-,Not found,BRA,Not found
Kauã Elias,19 anni,Shakhtar Donetsk,6.58,11.2M €,BRA,2
Kaye Furo,18 anni,Club Brugge U19,Not found,Not found,BEL,Not found
Ken Izekor,17 anni,Bayer Leverkusen U19,-,Not found,GER,Not found
Kenan Bajrič,30 anni,ŠK Slovan Bratislava,6.93,1.5M €,SLO,4
Kenny Lala,33 anni,Stade Brestois,7.06,2.3M €,MAD,5
Kerem Aktürkoğlu,26 anni,Benfica,7.21,23M €,TUR,5
Kerim Alajbegović,17 anni,Bayer Leverkusen U19,7.30,Not found,BIH,Not found
Kevin,33 anni,Manchester City,7.41,28M €,BEL,4
Kevin De Bruyne,33 anni,Manchester City,7.41,28M €,BEL,4
Kevin Kampl,34 anni,RB Leipzig,6.93,3.1M €,SLO,5
Khvicha Kvaratskhelia,24 anni,Paris Saint-Germain,7.47,82M €,GEO,5
Kieran Morrison,18 anni,Liverpool U21,Not found,Not found,NIR,Not found
Kingsley Coman,28 anni,FC Bayern München,7.07,37M €,FRA,5
Kiril Fesiun,Not found,Shakhtar Donetsk,Not found,Not found,Not found,Not found
Koke,33 anni,Atlético Madrid,6.89,9.2M €,ESP,2
Konrad Laimer,27 anni,FC Bayern München,6.98,24M €,AUT,4
Kortney Hause,29 anni,Aston Villa,6.63,1.9M €,ENG,5
Kosta Nedeljković,19 anni,RB Leipzig,6.69,9.3M €,SRB,5
Kouakou Gadou,Error,Error,Error,Error,Error,Error
Kristjan Asllani,23 anni,Inter,6.90,15.5M €,ALB,4
Krépin Diatta,26 anni,AS Monaco,6.67,9.7M €,SEN,3
Kylian Mbappé,26 anni,Real Madrid,7.56,180M €,FRA,5
Ladislav Krejčí,26 anni,Girona FC,6.95,11.2M €,CZE,3
Lamare Bogarde,21 anni,Aston Villa,6.64,4.9M €,NED,3
Lamine Camara,21 anni,AS Monaco,7.16,21M €,SEN,4
Lamine Yamal,17 anni,Barcelona,7.80,194M €,ESP,1
Landry Farré,18 anni,Barcelona Atlètic,6.70,275K €,ESP,Not found
Lapo Nava,21 anni,Milan Futuro,7.00,97K €,ITA,1
Lautaro Martínez,27 anni,Inter,7.25,89M €,ARG,2
Leandro Barreiro,25 anni,Benfica,6.89,14.5M €,LUX,3
Leandro Morgalla,20 anni,Red Bull Salzburg,6.73,2.1M €,GER,2
Leandro Santos,19 anni,Benfica,6.92,1.1M €,POR,2
Lennart Karl,17 anni,Bayern München U19,7.00,Not found,GER,Not found
Leon Bailey,Not found,Not found,Not found,Not found,JAM,3
Leon Belcar,23 anni,GNK Dinamo Zagreb,Not found,870K €,CRO,3
Leon Goretzka,30 anni,FC Bayern München,7.09,20M €,GER,3
Leon Grgić,19 anni,SK Sturm Graz,6.80,1.1M €,AUT,2
Leon Jakirović,17 anni,GNK Dinamo Zagreb U17,6.88,Not found,CRO,Not found
Leon Klanac,18 anni,Bayern München U19,7.35,Not found,GER,Not found
Leon Koß,18 anni,RB Leipzig U19,6.35,Not found,GER,Not found
Lewin Blum,23 anni,Young Boys,6.89,2.9M €,SUI,3
Lewis Ferguson,25 anni,Bologna,6.89,22M €,SCO,3
Liam Bossin,28 anni,Feyenoord,7.19,490K €,IRL,5
Lilian Baret,18 anni,LOSC Lille 2,6.80,Not found,FRA,Not found
Lloyd Kelly,26 anni,Juventus,6.78,18.5M €,ENG,5
Loren Aguado,22 anni,Real Madrid Castilla,6.64,97K €,ESP,5
Lorenzo Anghelè,20 anni,Juventus Next Gen U23,6.60,875K €,ITA,1
Lorenzo Bernasconi,21 anni,Atalanta U23,7.43,410K €,ITA,2
Lorenzo De Silvestri,36 anni,Bologna,6.78,360K €,ITA,5
Lorin Jetzer,19 anni,Young Boys U21,6.50,54K €,SUI,Not found
Loris Benito,33 anni,Young Boys,6.96,310K €,SUI,4
Louis Mouquet,20 anni,Senza squadra,6.70,Not found,POR,1
Luca Jaquez,21 anni,VfB Stuttgart,6.98,6.4M €,SUI,2
Luca Novodomsky,20 anni,Bayer 04 Leverkusen,Not found,Not found,GER,0
Lucas Anjos,20 anni,Sporting CP B,6.70,Not found,POR,Not found
Lucas Beraldo,21 anni,Paris Saint-Germain,7.09,23M €,BRA,2
Lucas Chevalier,23 anni,Lille,7.11,31M €,FRA,4
Lucas Digne,31 anni,Aston Villa,6.94,11M €,FRA,5
Lucas García,20 anni,Girona B,Not found,Not found,ESP,1
Lucas Hernández,29 anni,Paris Saint-Germain,6.85,31M €,FRA,4
Lucas Michal,19 anni,AS Monaco U21,6.56,520K €,FRA,Not found
Lucas Pérez,36 anni,PSV Eindhoven,7.32,485K €,ESP,4
Lucas Vázquez,33 anni,Real Madrid,7.03,3.8M €,ESP,5
Ludovic Ajorque,31 anni,Stade Brestois,7.09,4.2M €,FRA,5
Luis Díaz,28 anni,Liverpool,7.23,92M €,COL,4
Luka Ilić,25 anni,FK Crvena zvezda,7.31,1.9M €,SRB,5
Luka Ivanušec,26 anni,Feyenoord,6.77,5.4M €,CRO,3
Luka Jović,27 anni,Milan,6.88,2.6M €,SRB,5
Luka Modrić,39 anni,Real Madrid,7.29,5.5M €,CRO,5
Lukas Kačavenda,22 anni,GNK Dinamo Zagreb,6.77,1.9M €,CRO,4
Lukas Klostermann,28 anni,RB Leipzig,6.87,7.7M €,GER,2
Luke McCowan,27 anni,Celtic,7.19,2.1M €,SCO,3
Lukáš Haraslín,28 anni,AC Sparta Praha,Not found,7.7M €,SVK,5
Lukáš Hrádecký,35 anni,Bayer 04 Leverkusen,Not found,2.1M €,FIN,5
Lutfi Dalipi,18 anni,Young Boys U21,6.40,90K €,SUI,Not found
Lutsharel Geertruida,24 anni,RB Leipzig,6.74,29M €,NED,2
Luuk de Jong,34 anni,PSV Eindhoven,7.36,2.8M €,NED,5
Lynnt Audoor,21 anni,Club NXT U23,7.27,620K €,BEL,3
Mads Bidstrup,24 anni,Red Bull Salzburg,7.00,8.7M €,DEN,5
Maghnes Akliouche,23 anni,AS Monaco,7.26,39M €,FRA,1
Magnus Kofod Andersen,26 anni,AC Sparta Praha,6.81,1.2M €,DEN,3
Mahdi Camara,26 anni,Stade Brestois,7.03,10.8M €,FRA,5
Maik Nawrocki,24 anni,Celtic,7.63,1.9M €,POL,5
Mama Baldé,29 anni,Stade Brestois,6.63,4.3M €,GBS,5
Mamadou Coulibaly,26 anni,Catanzaro,6.65,745K €,SEN,5
Mamadou Fall,33 anni,Kasımpaşa,Not found,750K €,SEN,5
Mamady Diambou,22 anni,Red Bull Salzburg,6.78,3.3M €,MLI,5
Manuel Akanji,29 anni,Manchester City,7.01,29M €,SUI,5
Manuel Locatelli,27 anni,Juventus,7.25,27M €,ITA,5
Manuel Mendonça,20 anni,Sporting CP B,7.50,Not found,POR,1
Manuel Neuer,39 anni,FC Bayern München,6.83,4.1M €,GER,2
Manuel Silva,23 anni,Benfica,6.98,10.9M €,POR,3
Marc Aznar,19 anni,Girona U19,7.00,Not found,ESP,Not found
Marc Bernal,17 anni,Barcelona,7.00,4.9M €,ESP,1
Marc Casadó,21 anni,Barcelona,7.04,29M €,ESP,2
Marc-Aurèle Caillard,31 anni,Lille,6.25,160K €,FRA,5
Marcel Lotka,23 anni,Borussia Dortmund,7.38,1.4M €,POL,4
Marco Asensio,29 anni,Aston Villa,7.14,21M €,ESP,5
Marco Bizot,34 anni,Stade Brestois,7.06,3.2M €,NED,5
Marco Brescianini,25 anni,Atalanta,6.74,7.4M €,ITA,5
Marco Carnesecchi,24 anni,Atalanta,7.10,26M €,ITA,5
Marcos Llorente,30 anni,Atlético Madrid,7.20,29M €,ESP,5
Marian Farina,Not found,Sconosciuto,Not found,Not found,Not found,Not found
Mario Hermoso,29 anni,Bayer 04 Leverkusen,6.87,9.5M €,ESP,4
Mario Rivas,18 anni,Real Madrid C,6.84,195K €,ESP,Not found
Marko Arnautović,36 anni,Inter,6.81,3.7M €,AUT,5
Marlon Gomes,21 anni,Shakhtar Donetsk,6.96,10.3M €,BRA,2
Marquinhos,31 anni,Paris Saint-Germain,7.35,39M €,BRA,5
Marten de Roon,34 anni,Atalanta,7.12,6.8M €,NED,5
Martin Baturina,22 anni,GNK Dinamo Zagreb,7.43,20M €,CRO,3
Martin Erlić,27 anni,Bologna,6.84,4.8M €,CRO,5
Martin Kern,19 anni,SK Sturm Graz,6.71,260K €,HUN,1
Martin Mišovič,21 anni,ŠK Slovan Bratislava B U21,-,205K €,SVK,1
Marvin Keller,23 anni,Young Boys,7.29,5.3M €,SUI,5
Massadio Haïdara,32 anni,Stade Brestois,6.85,1.9M €,MLI,5
Matej Gashtarov,18 anni,FK Crvena zvezda U19,6.50,Not found,MKD,Not found
Mateo Kovačić,31 anni,Manchester City,7.21,24M €,CRO,5
Matevž Dajčar,23 anni,Atalanta U23,6.79,110K €,SLO,1
Matheus Nunes,26 anni,Manchester City,7.35,33M €,POR,4
Matheus Reis,30 anni,Sporting,6.85,7.4M €,BRA,5
Matias Fernandez-Pardo,Error,Error,Error,Error,Error,Error
Matteo Bignetti,21 anni,SK Sturm Graz,7.35,260K €,AUT,2
Matteo Cocchi,18 anni,Inter U20,7.20,1.5M €,ITA,Not found
Matteo Darmian,35 anni,Inter,6.80,3.8M €,ITA,5
Matteo Gabbia,25 anni,Milan,6.95,14.4M €,ITA,5
Matteo Lavelli,18 anni,Inter U20,6.80,"Punti deboli
Nessuna debolezza particolare",ITA,Not found
Matteo Motta,20 anni,Inter U20,7.14,105K €,ITA,Not found
Mattia Liberali,18 anni,Milan U19,7.01,5.3M €,ITA,1
Matty Cash,27 anni,Aston Villa,6.89,25M €,POL,3
Matúš Macík,31 anni,ŠK Slovan Bratislava,6.73,190K €,SVK,5
Matěj Kovář,25 anni,Bayer 04 Leverkusen,6.94,7.2M €,CZE,5
Maurits Kjærgaard,21 anni,Red Bull Salzburg,7.53,12.1M €,DEN,4
Mauro Couto,19 anni,Sporting CP B,6.60,210K €,POR,Not found
Mauro Júnior,26 anni,PSV Eindhoven,7.09,12.4M €,BRA,4
Max Alleyne,19 anni,Manchester City U21,7.40,485K €,ENG,Not found
Max Hudson,18 anni,Manchester City U18,6.40,Not found,WAL,Not found
Max Johnston,21 anni,SK Sturm Graz,6.78,1.9M €,SCO,5
Maxim De Cuyper,24 anni,Club Brugge KV,7.42,15.5M €,BEL,3
Maxim Mateáš,17 anni,ŠK Slovan Bratislava B U21,6.45,330K €,SVK,Not found
Maximilian Beier,22 anni,Borussia Dortmund,6.84,27M €,GER,4
Maximilian Mittelstädt,28 anni,VfB Stuttgart,Not found,22M €,GER,2
Maximiliano Araújo,25 anni,Sporting,7.08,12.7M €,URU,4
Maximiliano Caufriez,28 anni,Red Bull Salzburg,6.68,1.4M €,BEL,5
Maximilián Marko,20 anni,ŠK Slovan Bratislava B U21,6.60,79K €,SVK,Not found
Mayssam Benama,20 anni,AS Monaco U21,6.10,160K €,FRA,Not found
Michael Bresser,18 anni,Jong PSV Eindhoven,6.76,245K €,NED,Not found
Michael Olise,23 anni,FC Bayern München,Not found,77M €,FRA,3
Michał Boledovic,22 anni,ŠK Slovan Bratislava B U21,-,79K €,SVK,4
Michel Aebischer,28 anni,Bologna,6.83,10.5M €,SUI,4
Michele Di Gregorio,27 anni,Juventus,Not found,17.2M €,ITA,5
Miguel Alves,Not found,Not found,Not found,Not found,Not found,Not found
Miguel Chaiwa,21 anni,Young Boys,6.65,1.2M €,ZAM,4
Miguel Gutiérrez,23 anni,Girona FC,7.06,27M €,ESP,3
Mika Biereth,22 anni,AS Monaco,7.23,26M €,DEN,5
Mike Aidoo,19 anni,Inter U20,6.92,390K €,ITA,Not found
Mike Maignan,29 anni,Milan,7.18,27M €,FRA,3
Mikel Merino,28 anni,Arsenal,7.07,36M €,ESP,5
Milson,25 anni,FK Crvena zvezda,7.08,5.2M €,ANG,5
Min-jae Kim,28 anni,FC Bayern München,7.11,46M €,KOR,5
Min-su Kim,19 anni,Girona B,6.62,1.1M €,KOR,1
Mirko Ivanić,31 anni,FK Crvena zvezda,7.45,4.9M €,MNE,5
Mislav Ćutuk,18 anni,GNK Dinamo Zagreb U19,6.37,Not found,CRO,Not found
Mitchel Bakker,24 anni,Lille,Not found,7.6M €,NED,5
Mohamed Camara,27 anni,Young Boys,6.91,2.2M €,GUI,5
Morgan Costarelli,20 anni,LOSC Lille 2,Not found,Not found,FRA,1
Morten Hjulmand,25 anni,Sporting,7.13,48M €,DEN,3
Mykola Matvienko,29 anni,Shakhtar Donetsk,7.12,16.9M €,UKR,4
Myles Lewis-Skelly,18 anni,Arsenal,6.76,30M €,ENG,1
Nabil Bentaleb,30 anni,Lille,6.66,8.8M €,ALG,4
Nahuel Molina,27 anni,Atlético Madrid,6.82,24M €,ARG,5
Naim Byar,20 anni,Bologna U19,6.87,535K €,MAR,1
Naoufel El Hannach,18 anni,Marocco U20,6.60,Not found,MAR,Not found
Nathan Aké,30 anni,Manchester City,6.88,29M €,NED,5
Nathan Butler-Oyedeji,22 anni,Arsenal U21,6.53,525K €,ENG,2
Nathanaël Mbuku,23 anni,GNK Dinamo Zagreb,Not found,1.8M €,COD,5
Neto,25 anni,Chelsea,7.04,48M €,POR,5
Newerton,19 anni,Shakhtar Donetsk,7.02,2.9M €,BRA,1
Ngal'ayel Mukau,20 anni,Lille,6.80,14.2M €,COD,3
Nico González,23 anni,Manchester City,7.14,43M €,ESP,5
Nico O'Reilly,20 anni,Manchester City,7.19,7.6M €,ENG,Not found
Nicola Bagnolini,21 anni,Bologna,7.04,190K €,ITA,1
Nicolas Kühn,25 anni,Celtic,7.38,11.3M €,GER,5
Nicolás Capaldo,26 anni,Red Bull Salzburg,6.97,5.3M €,ARG,2
Nicolás González,27 anni,Juventus,6.98,29M €,ARG,5
Nicolò Barella,28 anni,Inter,7.14,87M €,ITA,5
Nicolò Cambiaghi,24 anni,Bologna,Not found,6.3M €,ITA,5
Nicolò Casale,27 anni,Bologna,6.80,7.5M €,ITA,5
Niklas Geyrhofer,25 anni,SK Sturm Graz,6.73,1.9M €,AUT,2
Niklas Jessen,21 anni,Borussia Dortmund II U23,6.45,245K €,GER,4
Niklas Lomb,31 anni,Bayer 04 Leverkusen,6.70,240K €,GER,5
Niko Galešić,24 anni,GNK Dinamo Zagreb,7.11,3.2M €,CRO,4
Nikola Moro,27 anni,Bologna,6.96,5.2M €,CRO,5
Nikola Čavlina,22 anni,GNK Dinamo Zagreb,6.56,805K €,CRO,5
Nikolas Nartey,25 anni,VfB Stuttgart,6.77,410K €,DEN,5
Nino Marcelli,19 anni,ŠK Slovan Bratislava,6.85,4.5M €,SVK,2
Noa Lang,25 anni,PSV Eindhoven,7.35,27M €,NED,5
Noa Mikić,18 anni,GNK Dinamo Zagreb U19,6.53,Not found,CRO,Not found
Noah Darvich,18 anni,Barcelona Atlètic,6.86,1.9M €,GER,2
Noah Jauny,20 anni,Stade Brestois,Not found,Not found,IRL,1
Noham Kamara,18 anni,Paris Saint-Germain U19,6.80,Not found,FRA,Not found
Nordi Mukiele,27 anni,Bayer 04 Leverkusen,7.01,9.5M €,FRA,5
Nordin Jackers,27 anni,Club Brugge KV,7.15,930K €,BEL,5
Nuno Félix,21 anni,Benfica B,6.78,1.6M €,POR,Not found
Nuno Mendes,22 anni,Paris Saint-Germain,7.35,53M €,POR,3
Nuno Santos,30 anni,Sporting,7.26,9.3M €,POR,5
Odilon Kossounou,24 anni,Atalanta,6.82,26M €,CIV,5
Oliver Lukić,18 anni,FC Liefering,7.05,835K €,CRO,3
Olivier Boscagli,27 anni,PSV Eindhoven,7.43,21M €,FRA,4
Omar Marmoush,26 anni,Manchester City,7.60,82M €,EGY,5
Omri Glazer,29 anni,FK Crvena zvezda,Not found,4.6M €,ISR,5
Oriol Comas,22 anni,Girona B,Not found,Not found,ESP,1
Orkun Kökçü,24 anni,Benfica,7.42,27M €,TUR,2
Oscar Bobb,21 anni,Manchester City,6.87,24M €,NOR,1
Oscar Gloukh,21 anni,Red Bull Salzburg,7.37,23M €,ISR,2
Otar Kiteishvili,29 anni,SK Sturm Graz,7.31,4.6M €,GEO,2
Ousmane Dembélé,28 anni,Paris Saint-Germain,7.76,73M €,FRA,4
Ousmane Diomande,21 anni,Sporting,Not found,42M €,CIV,4
Oussama El Azzouzi,23 anni,Bologna,6.63,2.1M €,MAR,4
Papa Ba,Not found,FINE 2 - 0,Not found,Not found,Not found,Not found
Paris Irie,19 anni,Stade Brestois 29 2,6.70,Not found,FRA,1
Pascal Groß,33 anni,Borussia Dortmund,7.19,6.4M €,GER,5
Paulo Gazzaniga,33 anni,Girona FC,6.98,3.6M €,ARG,5
Petar Bočkaj,28 anni,GNK Dinamo Zagreb,7.80,780K €,CRO,5
Peter Kiedl,21 anni,Sturm Graz II,7.18,320K €,AUT,1
Peter Olayinka,29 anni,FK Crvena zvezda,7.07,4.6M €,NGR,5
Phil Foden,24 anni,Manchester City,7.28,123M €,ENG,1
Philipp Köhn,27 anni,AS Monaco,6.97,4.1M €,SUI,5
Piero Hincapié,23 anni,Bayer 04 Leverkusen,7.14,46M €,ECU,3
Pierre Kalulu,24 anni,Juventus,6.96,25M €,FRA,4
Pierre Lees-Melou,31 anni,Stade Brestois,7.14,6.6M €,FRA,4
Pietro Comi,19 anni,Atalanta U23,6.77,260K €,ITA,Not found
Plamen Andreev,20 anni,Feyenoord,7.04,1.6M €,BUL,2
Presnel Kimpembe,29 anni,Paris Saint-Germain,6.76,7.6M €,FRA,1
Péter Gulácsi,35 anni,RB Leipzig,7.15,2.4M €,HUN,5
Qazim Laçi,29 anni,AC Sparta Praha,7.17,4.1M €,ALB,5
Quentin Ndjantou,17 anni,Paris Saint-Germain U19,7.50,Not found,FRA,Not found
Quilindschy Hartman,23 anni,Feyenoord,6.93,17.5M €,NED,2
Rade Krunić,31 anni,FK Crvena zvezda,7.05,4.7M €,BIH,5
Radosław Majecki,25 anni,AS Monaco,6.92,7.5M €,POL,5
Raffaele Di Gennaro,31 anni,Inter,7.60,325K €,ITA,5
Rahim Ibrahim,Not found,2º set • 30m,Not found,Not found,Not found,Not found
Ramon Hendriks,23 anni,VfB Stuttgart,6.80,4.8M €,NED,5
Ramy Bensebaïni,30 anni,Borussia Dortmund,7.07,7.4M €,ALG,5
Randal Kolo Muani,26 anni,Juventus,6.88,27M €,FRA,5
Raoul Bellanova,25 anni,Atalanta,6.98,21M €,ITA,5
Raphaël Guerreiro,31 anni,FC Bayern München,7.18,10.6M €,POR,5
Raphaël Le Guen,18 anni,Stade Brestois 29 2,Not found,Not found,FRA,0
Rayane Belaid,19 anni,Atlético Madrid B,7.06,470K €,ESP,1
Relja Obrić,19 anni,Atalanta U23,6.87,485K €,SLO,0
Remo Freuler,33 anni,Bologna,6.96,6.7M €,SUI,5
Reo Hatate,27 anni,Celtic,Not found,11.3M €,JPN,3
Riccardo Calafiori,22 anni,Arsenal,6.98,39M €,ITA,5
Richy Ledezma,24 anni,PSV Eindhoven,6.96,3.2M €,USA,4
Rick Karsdorp,30 anni,PSV Eindhoven,6.87,4.2M €,NED,4
Rico Lewis,20 anni,Manchester City,6.99,37M €,ENG,1
Ridle Baku,27 anni,RB Leipzig,7.02,7.5M €,GER,4
Rio Ngumoha,16 anni,Liverpool U18,6.65,Not found,ENG,Not found
Robert Andrich,30 anni,Bayer 04 Leverkusen,6.89,15.5M €,GER,5
Robert Lewandowski,36 anni,Barcelona,7.31,14M €,POL,5
Robert Mak,34 anni,ŠK Slovan Bratislava,7.07,480K €,SVK,4
Robin Le Normand,28 anni,Atlético Madrid,6.85,38M €,ESP,3
Robin Lisewski,19 anni,Borussia Dortmund U19,6.95,Not found,POL,Not found
Robin Olsen,35 anni,Aston Villa,6.65,1.6M €,SWE,5
Rodney Elongo-Yombo,23 anni,Borussia Dortmund II U23,6.64,485K €,GER,2
Rodrigo De Paul,30 anni,Atlético Madrid,7.15,26M €,ARG,5
Romain Del Castillo,29 anni,Stade Brestois,7.03,7.3M €,FRA,5
Romain Faivre,26 anni,Stade Brestois,6.83,7.6M €,FRA,5
Roman Horák,20 anni,Sparta Praha B U21,6.34,270K €,CZE,1
Roman Mokrovics,18 anni,Sparta Praha B U21,Not found,490K €,CZE,2
Ronald Araujo,26 anni,Barcelona,7.00,54M €,URU,4
Ross Barkley,31 anni,Aston Villa,6.83,7.2M €,ENG,3
Ruben Loftus-Cheek,29 anni,Milan,6.82,16.9M €,ENG,5
Ryan Flamingo,22 anni,PSV Eindhoven,Not found,16.9M €,NED,5
Ryan Gravenberch,23 anni,Liverpool,7.08,76M €,NED,4
Rémy Cabella,35 anni,Lille,7.15,2.9M €,FRA,4
Sacha Boey,Not found,Not found,Not found,Not found,Not found,Not found
Sadegh Moharrami,29 anni,GNK Dinamo Zagreb,Not found,780K €,IRI,Not found
Saidy Janko,29 anni,Young Boys,6.90,545K €,GAM,5
Salko Hamzić,18 anni,Red Bull Salzburg,7.20,435K €,AUT,2
Sam Beukema,26 anni,Bologna,7.01,27M €,NED,3
Samson Baidoo,21 anni,Red Bull Salzburg,7.09,6.2M €,AUT,2
Samuel Chukwueze,Not found,Milan,Not found,14.4M €,NGR,3
Samuel Dahl,Not found,Not found,Not found,Not found,Not found,Not found
Samuel Gomez van Hoogen,19 anni,PSV Eindhoven U19,6.57,"Punti deboli
Nessuna debolezza particolare",BEL,0
Samuel Habodász,24 anni,ŠK Slovan Bratislava B U21,-,72K €,SVK,1
Samuel Mbangula,21 anni,Juventus,6.91,12.7M €,BEL,2
Samuel Murár,21 anni,ŠK Slovan Bratislava B U21,-,Not found,SVK,Not found
Samuel Nibombe,17 anni,AS Monaco U19,6.50,Not found,BEL,0
Samy Mmaee,28 anni,GNK Dinamo Zagreb,6.88,485K €,MAR,5
Sandro Kulenović,25 anni,GNK Dinamo Zagreb,7.13,3.9M €,CRO,5
Sandro Lauper,28 anni,Young Boys,6.89,930K €,SUI,2
Santiago Castro,Not found,Not found,Not found,Not found,Not found,Not found
Santiago Giménez,Not found,Not found,Not found,38M €,MEX,3
Saïmon Bouabré,18 anni,AS Monaco,6.36,310K €,FRA,Not found
Scott Bain,Not found,Not found,Not found,Not found,Not found,Not found
Scott Carson,Not found,Not found,Not found,Not found,Not found,Not found
Sead Kolašinac,31 anni,Atalanta,Not found,10.6M €,BIH,5
Seedy Jatta,22 anni,SK Sturm Graz,6.74,2.7M €,NOR,3
Senny Mayulu,19 anni,Paris Saint-Germain,6.92,9.6M €,FRA,1
Serge Gnabry,29 anni,FC Bayern München,6.99,26M €,GER,5
Sergiño Dest,24 anni,PSV Eindhoven,6.88,17.2M €,USA,5
Serhou Guirassy,29 anni,Borussia Dortmund,7.30,42M €,GUI,5
Serigne Diop,20 anni,Stade Brestois 29 2,6.60,Not found,SEN,0
Shandre Campbell,19 anni,Club Brugge KV,7.21,960K €,RSA,2
Shiloh 't Zand,22 anni,Feyenoord,6.88,1.2M €,NED,5
Silas Katompa Mvumpa,26 anni,FK Crvena zvezda,6.89,8.2M €,COD,4
Simon Mignolet,37 anni,Club Brugge KV,Not found,1.5M €,BEL,5
Soriba Diaoune,17 anni,Lille U19,6.90,Not found,FRA,Not found
Soumaïla Coulibaly,21 anni,Stade Brestois,6.81,9.6M €,FRA,5
Soungoutou Magassa,Not found,Not found,Not found,Not found,Not found,Not found
Spike Brits,17 anni,Manchester City U21,6.90,Not found,ENG,Not found
Stefan Drljača,26 anni,VfB Stuttgart,7.03,305K €,GER,4
Stefan Gudelj,19 anni,FK Crvena zvezda U19,Not found,Not found,BIH,Not found
Stefan Hierländer,34 anni,SK Sturm Graz,Not found,265K €,AUT,3
Stefan de Vrij,33 anni,Inter,7.05,6.5M €,NED,3
Stephano Carrillo,19 anni,Feyenoord,6.43,2.3M €,MEX,1
Séan McArdle,17 anni,Celtic B U21,6.90,Not found,SCO,Not found
Takumi Minamino,30 anni,AS Monaco,7.02,14.5M €,JPN,5
Takumu Kawamura,25 anni,Red Bull Salzburg,6.70,1.8M €,JPN,4
Tammy Abraham,27 anni,Milan,6.88,13.7M €,ENG,5
Tarek Buchmann,20 anni,FC Bayern München,6.36,515K €,GER,1
Tay Abed,20 anni,Jong PSV Eindhoven,7.09,715K €,ISR,1
Teun Koopmeiners,27 anni,Juventus,7.00,38M €,NED,4
Theo Hernández,27 anni,Milan,7.14,42M €,FRA,5
Thibaut Courtois,33 anni,Real Madrid,7.15,24M €,BEL,5
Thijs Dallinga,24 anni,Bologna,6.78,13.1M €,NED,5
Thijs Kraaijeveld,18 anni,Senza squadra,6.60,Not found,NED,Not found
Thilo Kehrer,28 anni,AS Monaco,7.08,15.5M €,GER,5
Thomas Beelen,23 anni,Feyenoord,6.89,9.3M €,NED,3
Thomas Berenbruch,19 anni,Inter U20,7.42,1M €,ITA,0
Thomas Kastanaras,22 anni,VfB Stuttgart,Not found,520K €,GER,3
Thomas Lemar,29 anni,Atlético Madrid,6.63,5.2M €,FRA,4
Thomas Meunier,33 anni,Lille,7.05,1.9M €,BEL,4
Thomas Müller,35 anni,FC Bayern München,6.99,5.5M €,GER,2
Tidiam Gomis,18 anni,RB Leipzig,6.72,3.2M €,FRA,2
Tigran Barseghyan,31 anni,ŠK Slovan Bratislava,7.59,1.8M €,ARM,5
Timi Elšnik,27 anni,FK Crvena zvezda,7.45,5.4M €,SLO,4
Tochi Chukwuani,22 anni,SK Sturm Graz,6.82,4.3M €,DEN,3
Tomas Baković,18 anni,GNK Dinamo Zagreb U19,6.67,Not found,CRO,Not found
Tomi Horvat,26 anni,SK Sturm Graz,7.16,3.7M €,SLO,2
Tommaso Del Lungo,21 anni,Atalanta U23,6.75,410K €,ITA,Not found
Trent Alexander-Arnold,26 anni,Liverpool,7.20,77M €,ENG,1
Trent Doherty,18 anni,Liverpool U21,6.96,Not found,IRL,Not found
Trey Nyoni,17 anni,Liverpool U21,6.70,3.2M €,ENG,Not found
Tygo Land,19 anni,PSV Eindhoven,6.88,2.8M €,NED,2
Tyler Meiser,18 anni,Borussia Dortmund U19,6.10,Not found,GER,Not found
Tyler Morton,22 anni,Liverpool,6.98,8.3M €,ENG,3
Tyrell Malacia,25 anni,PSV Eindhoven,6.74,12.6M €,NED,4
Tyrone Mings,32 anni,Aston Villa,6.98,6.4M €,ENG,5
Uchenna Aririerisim,21 anni,AC Sparta Praha,7.11,1.8M €,NGR,5
Valentin Oelz,20 anni,FC Liefering,6.45,105K €,AUT,1
Valeriy Bondar,26 anni,Shakhtar Donetsk,7.05,6.4M €,UKR,1
Vasilije Adžić,19 anni,Juventus,7.03,3.3M €,MNE,2
Vasilije Kostov,17 anni,FK Crvena zvezda U19,6.60,Not found,SRB,Not found
Veljko Birmančević,27 anni,AC Sparta Praha,6.83,5.8M €,SRB,5
Veljko Milosavljević,17 anni,FK Crvena zvezda,7.08,560K €,SRB,1
Victor Boniface,24 anni,Bayer 04 Leverkusen,6.96,49M €,NGR,3
Victor Eletu,20 anni,Milan U19,-,430K €,NGR,Not found
Victor Olatunji,25 anni,AC Sparta Praha,6.87,2.8M €,NGR,4
Viggo Gebel,17 anni,RB Leipzig U19,7.20,340K €,GER,Not found
Viktor Gyökeres,Not found,Not found,Not found,70M €,SWE,5
Vito Mannone,37 anni,Lille,7.63,190K €,ITA,5
Vladyslav Krapyvtsov,19 anni,Girona FC,Not found,220K €,UKR,1
Vuk Draškić,18 anni,FK Crvena zvezda U19,7.10,Not found,SRB,Not found
Vítězslav Jaroš,23 anni,Liverpool,6.75,5.3M €,CZE,5
Wahid Faghir,21 anni,VfB Stuttgart,6.77,1.1M €,DEN,5
Waldemar Anton,28 anni,Borussia Dortmund,7.14,19.7M €,GER,3
Walter Benítez,32 anni,PSV Eindhoven,6.88,9.1M €,ARG,3
Warren Bondo,21 anni,Milan,6.72,9.6M €,FRA,5
Wataru Endō,32 anni,Liverpool,6.73,9.2M €,JPN,5
Wessel Kuhn,18 anni,Jong PSV Eindhoven,6.80,515K €,NED,1
Weston McKennie,26 anni,Juventus,6.92,25M €,USA,5
Wilfried Kanga,27 anni,GNK Dinamo Zagreb,Not found,3.3M €,CIV,5
William Bøving,22 anni,SK Sturm Graz,Not found,4.6M €,DEN,2
Wisdom Amey,19 anni,Bologna U19,6.57,540K €,ITA,1
Wisdom Mike,16 anni,Bayern München U19,6.55,Not found,GER,Not found
Yangel Herrera,27 anni,Girona FC,6.99,18.7M €,VEN,5
Yann Bisseck,24 anni,Inter,6.97,28M €,GER,5
Yann Lienard,22 anni,AS Monaco,6.70,205K €,FRA,0
Yannik Keitel,25 anni,VfB Stuttgart,6.69,3.4M €,GER,4
Yannik Lührs,21 anni,Borussia Dortmund II U23,6.96,570K €,GER,3
Yegor Nazaryna,27 anni,Shakhtar Donetsk,6.71,1M €,UKR,5
Younes Lachaab,20 anni,LOSC Lille 2,7.35,Not found,FRA,1
Youssouf Fofana,26 anni,Milan,6.92,33M €,FRA,4
Yukhym Konoplya,25 anni,Shakhtar Donetsk,6.81,7.6M €,UKR,2
Yunus Musah,22 anni,Milan,6.71,23M €,USA,3
Yáser Asprilla,21 anni,Girona FC,6.89,19.3M €,COL,5
Zachary Athekame,20 anni,Young Boys,6.85,4.1M €,SUI,4
Zeki Amdouni,24 anni,Benfica,6.91,16.2M €,SUI,5
Zeno Debast,21 anni,Sporting,7.07,27M €,BEL,3
Álex Grimaldo,29 anni,Bayer 04 Leverkusen,Not found,39M €,ESP,3
Álex Jiménez,20 anni,Milan,6.88,9.1M €,ESP,Not found
Álvaro Cortés,20 anni,Barcelona Atlètic,6.89,135K €,ESP,1
Álvaro Fernández,27 anni,Sevilla,6.84,2.6M €,ESP,5
Ángel Correa,30 anni,Atlético Madrid,6.85,16.4M €,ARG,2
Ángel Di María,Not found,Not found,Not found,Not found,Not found,Not found
Éderson,31 anni,Manchester City,6.98,23M €,BRA,4
İlkay Gündoğan,34 anni,Manchester City,7.01,6.6M €,GER,5
Łukasz Łakomy,Error,Error,Error,Error,Error,Error
